<?xml version="1.0" encoding="UTF-8" ?>
<!DOCTYPE mapper
        PUBLIC "-//mybatis.org//DTD Mapper 3.0//EN"
        "http://mybatis.org/dtd/mybatis-3-mapper.dtd">

<mapper namespace="com.chenxy.blog.dao.mapper.ArticleMapper">
    <!--使用insert,update,delete,select标签写sql语句-->

    <select id="listArchives" resultType="com.chenxy.blog.dao.dos.Archives">
        select year(FROM_UNIXTIME(create_date/1000)) year,month(FROM_UNIXTIME(create_date/1000)) month, count(*) count from ms_article
        group by year,month;
    </select>

    <resultMap id="articleMap" type="com.chenxy.blog.dao.pojo.Article">
        <id column="id" property="id" />
        <result column="author_id" property="authorId"/>
        <result column="comment_counts" property="commentCounts"/>
        <result column="create_date" property="createDate"/>
        <result column="summary" property="summary"/>
        <result column="title" property="title"/>
        <result column="view_counts" property="viewCounts"/>
        <result column="weight" property="weight"/>
        <result column="body_id" property="bodyId"/>
        <result column="category_id" property="categoryId"/>
    </resultMap>


    <!-- resultMap和resultType区别   https://blog.csdn.net/xushiyu1996818/article/details/89075069?spm=1001.2101.3001.6650.4&utm_medium=distribute.pc_relevant.none-task-blog-2%7Edefault%7ECTRLIST%7Edefault-4.no_search_link&depth_1-utm_source=distribute.pc_relevant.none-task-blog-2%7Edefault%7ECTRLIST%7Edefault-4.no_search_link-->
    <!--驼峰命名法   https://blog.csdn.net/A_Java_Dog/article/details/107006391?spm=1001.2101.3001.6650.6&utm_medium=distribute.pc_relevant.none-task-blog-2%7Edefault%7EBlogCommendFromBaidu%7Edefault-6.no_search_link&depth_1-utm_source=distribute.pc_relevant.none-task-blog-2%7Edefault%7EBlogCommendFromBaidu%7Edefault-6.no_search_link-->
    <!--    Long categoryId,-->
    <!--    Long tagId,-->
    <!--    String year,-->
    <!--    String month-->
    <!--mybatis中xml文件用法    https://blog.csdn.net/weixin_43882997/article/details/85625805-->
    <!--动态sql    https://www.jianshu.com/p/e309ae5e4a77-->
    <!--驼峰命名    https://zoutao.blog.csdn.net/article/details/82685918?spm=1001.2101.3001.6650.18&utm_medium=distribute.pc_relevant.none-task-blog-2%7Edefault%7EBlogCommendFromBaidu%7Edefault-18.no_search_link&depth_1-utm_source=distribute.pc_relevant.none-task-blog-2%7Edefault%7EBlogCommendFromBaidu%7Edefault-18.no_search_link-->
    <select id="listArticle" resultMap="articleMap">
        select * from ms_article
        <where>
            1=1
            <if test="categoryId!=null">
                and category_id=#{categoryId}
            </if>
            <if test="tagId!=null">
                and id in (select article_id from ms_article_tag where tag_id=#{tagId})
            </if>
            <if test="year!=null and year.length>0 and month!=null and month.length>0">
                and (FROM_UNIXTIME(create_date/1000,'%Y')=#{year} and FROM_UNIXTIME(create_date/1000,'%m')=#{month})
            </if>
        </where>
        order by weight,create_date desc
    </select>
</mapper>