<?xml version="1.0" encoding="UTF-8" ?>
<!DOCTYPE mapper
        PUBLIC "-//mybatis.org//DTD Mapper 3.0//EN"
        "http://mybatis.org/dtd/mybatis-3-mapper.dtd">

<mapper namespace="com.chenxy.blog.dao.mapper.TagMapper">
    <!--使用insert,update,delete,select标签写sql语句-->
    <select id="findTagsByArticleId" parameterType="long" resultType="com.chenxy.blog.dao.pojo.Tag">
        select id,avatar,tag_name as tagName from ms_tag
        where id in (select tag_id from ms_article_tag where article_id=#{articleId});
    </select>

    <select id="findHotsTagIds" parameterType="int" resultType="java.lang.Long">
        select tag_id from ms_article_tag group by tag_id order by count(*) desc limit #{limit};
    </select>
    <select id="findTagsByTagIds" parameterType="list" resultType="com.chenxy.blog.dao.pojo.Tag">
        select id,tag_name as tagName from ms_tag
        where id in
        <foreach collection="tagIds" item="tagId" separator="," open="(" close=")">
            #{tagId}
        </foreach>
    </select>

</mapper>